INSERT INTO PACIENTE (IDPERSONA, APELLIDOS, CEDULA, EMAIL, NACIMIENTO, NOMBRES, TELEFONO, ALERGIAS, TIPOSANGRE) VALUES (1,'Coloma Saltos', '02004315874', 'rolando@bye.com', '1965-05-18', 'Jaime Rolando', '0997854221', 'Ninguna', 'O+')
INSERT INTO PACIENTE (IDPERSONA, APELLIDOS, CEDULA, EMAIL, NACIMIENTO, NOMBRES, TELEFONO, ALERGIAS, TIPOSANGRE) VALUES (2,'Romero Barrionuevo', '0200784851', 'cecilia@bye.com', '1968-10-25', 'Cecilia Verónica', '0994175369', 'Ninguna', 'A+')

INSERT INTO MEDICO (IDPERSONA, APELLIDOS, CEDULA, EMAIL, NACIMIENTO, NOMBRES, TELEFONO, ESPECIALIDAD, LICENCIA) VALUES (1,'Ordóñez Fernández', '0502478112', 'santiago@iess.org', '1970-04-14', 'Santiago Felipe', '0997845112', 'Endocrinología', '4215')
INSERT INTO MEDICO (IDPERSONA, APELLIDOS, CEDULA, EMAIL, NACIMIENTO, NOMBRES, TELEFONO, ESPECIALIDAD, LICENCIA) VALUES (2,'Torres Vélez', '0506489511', 'alejandra@iess.org', '1975-02-21', 'Alejandra Susana', '09964887415', 'Traumatología', '7845')

INSERT INTO VIAADMINISTRACION (IDVIAADMINISTRACION, NOMBRE, CATEGORIA) VALUES (1,'Vía oral', 'Vía digestiva')
INSERT INTO VIAADMINISTRACION (IDVIAADMINISTRACION, NOMBRE, CATEGORIA) VALUES (2,'Vía sublingual', 'Vía digestiva')
INSERT INTO VIAADMINISTRACION (IDVIAADMINISTRACION, NOMBRE, CATEGORIA) VALUES (3,'Vía gastroentérica', 'Vía digestiva')
INSERT INTO VIAADMINISTRACION (IDVIAADMINISTRACION, NOMBRE, CATEGORIA) VALUES (4,'Vía rectal', 'Vía digestiva')
INSERT INTO VIAADMINISTRACION (IDVIAADMINISTRACION, NOMBRE, CATEGORIA) VALUES (5,'Intravenosa', 'Vía parenteral')
INSERT INTO VIAADMINISTRACION (IDVIAADMINISTRACION, NOMBRE, CATEGORIA) VALUES (6,'Intraarterial', 'Vía parenteral')
INSERT INTO VIAADMINISTRACION (IDVIAADMINISTRACION, NOMBRE, CATEGORIA) VALUES (7,'Intramuscular', 'Vía parenteral')
INSERT INTO VIAADMINISTRACION (IDVIAADMINISTRACION, NOMBRE, CATEGORIA) VALUES (8,'Subcutánea', 'Vía parenteral')
INSERT INTO VIAADMINISTRACION (IDVIAADMINISTRACION, NOMBRE, CATEGORIA) VALUES (9,'Vía intratraqueal', 'Vía respiratoria')
INSERT INTO VIAADMINISTRACION (IDVIAADMINISTRACION, NOMBRE, CATEGORIA) VALUES (10,'Vía intraalveolar', 'Vía respiratoria')
INSERT INTO VIAADMINISTRACION (IDVIAADMINISTRACION, NOMBRE, CATEGORIA) VALUES (11,'Conjuntival', 'Vía tópica')
INSERT INTO VIAADMINISTRACION (IDVIAADMINISTRACION, NOMBRE, CATEGORIA) VALUES (12,'Oral', 'Vía tópica')
INSERT INTO VIAADMINISTRACION (IDVIAADMINISTRACION, NOMBRE, CATEGORIA) VALUES (13,'Urogenital', 'Vía tópica')
INSERT INTO VIAADMINISTRACION (IDVIAADMINISTRACION, NOMBRE, CATEGORIA) VALUES (14,'Vía oftálmica', 'Vía oftálmica')
INSERT INTO VIAADMINISTRACION (IDVIAADMINISTRACION, NOMBRE, CATEGORIA) VALUES (15,'Vía ótica', 'Vía ótica')
INSERT INTO VIAADMINISTRACION (IDVIAADMINISTRACION, NOMBRE, CATEGORIA) VALUES (16,'Vía percutánea', 'Vía percutánea')

INSERT INTO MEDICAMENTO (IDMEDICAMENTO, COMPONENTEACTIVO, CONCENTRACION, NOMBRECOMERCIAL, PRECIO, FECHACADUCIDAD, IDVIAADMINISTRACION) VALUES (1,'Parecetamol - Pseudoefedrina Clorhidrato - Clorfenamina Maleato', '100 ml', 'TrioVal', 3.50, NULL, 1)
INSERT INTO MEDICAMENTO (IDMEDICAMENTO, COMPONENTEACTIVO, CONCENTRACION, NOMBRECOMERCIAL, PRECIO, FECHACADUCIDAD, IDVIAADMINISTRACION) VALUES (2,'Ibuprofeno', '120 ml', 'Buprex Forte', 5.50, NULL, 1)
INSERT INTO MEDICAMENTO (IDMEDICAMENTO, COMPONENTEACTIVO, CONCENTRACION, NOMBRECOMERCIAL, PRECIO, FECHACADUCIDAD, IDVIAADMINISTRACION) VALUES (3,'', 'Q10', 'Immuvit Plus Q10', 15.00, NULL, 1)
INSERT INTO MEDICAMENTO (IDMEDICAMENTO, COMPONENTEACTIVO, CONCENTRACION, NOMBRECOMERCIAL, PRECIO, FECHACADUCIDAD, IDVIAADMINISTRACION) VALUES (4,'Mometasona Furoato - Clorhidrato Azelastina', '50mcg + 140mcg', 'Momate AZ', 7.50, NULL, 10)

INSERT INTO RECETA(IDRECETA,FECHA,IDMEDICO,IDPACIENTE)VALUES(1,'1970-04-14',1,1)
INSERT INTO RECETA(IDRECETA,FECHA,IDMEDICO,IDPACIENTE)VALUES(2,'1975-04-14',2,2)

INSERT INTO DETALLERECETA(IDDETALLERECETA,ACTIVO,CANTIDAD,FECHAINICIO,FRECUENCIA,NUMEROTOMAS,OBSERVACION,POSOLOGIA,TIPOFRECUENCIA,IDMEDICAMENTO,IDRECETA)VALUES(1,True,20,'1970-04-14',2,0,'','Pastillas',0,1,1)
INSERT INTO DETALLERECETA(IDDETALLERECETA,ACTIVO,CANTIDAD,FECHAINICIO,FRECUENCIA,NUMEROTOMAS,OBSERVACION,POSOLOGIA,TIPOFRECUENCIA,IDMEDICAMENTO,IDRECETA)VALUES(2,True,20,'1970-04-14',2,0,'','Pastillas',1,1,2)
INSERT INTO DETALLERECETA(IDDETALLERECETA,ACTIVO,CANTIDAD,FECHAINICIO,FRECUENCIA,NUMEROTOMAS,OBSERVACION,POSOLOGIA,TIPOFRECUENCIA,IDMEDICAMENTO,IDRECETA)VALUES(3,True,20,'1970-04-14',2,0,'','Pastillas',0,1,1)
INSERT INTO DETALLERECETA(IDDETALLERECETA,ACTIVO,CANTIDAD,FECHAINICIO,FRECUENCIA,NUMEROTOMAS,OBSERVACION,POSOLOGIA,TIPOFRECUENCIA,IDMEDICAMENTO,IDRECETA)VALUES(4,True,20,'1970-04-14',1,0,'','Pastillas',2,1,1)

INSERT INTO DOSIS(IDDOSIS,DESCRIPCION,ESTADO,FECHAHORA,NUMERO,IDDETALLERECETA) VALUES(1,'Lunes',1,'1975-04-14',1,1)
INSERT INTO DOSIS(IDDOSIS,DESCRIPCION,ESTADO,FECHAHORA,NUMERO,IDDETALLERECETA) VALUES(2,'Martes',0,'1975-04-14',1,1)
INSERT INTO DOSIS(IDDOSIS,DESCRIPCION,ESTADO,FECHAHORA,NUMERO,IDDETALLERECETA) VALUES(3,'Miercoles',0,'1975-04-14',1,1)
INSERT INTO DOSIS(IDDOSIS,DESCRIPCION,ESTADO,FECHAHORA,NUMERO,IDDETALLERECETA) VALUES(4,'Lunes',1,'1975-04-14',1,2)
INSERT INTO DOSIS(IDDOSIS,DESCRIPCION,ESTADO,FECHAHORA,NUMERO,IDDETALLERECETA) VALUES(5,'Martes',1,'1975-04-14',1,2)
INSERT INTO DOSIS(IDDOSIS,DESCRIPCION,ESTADO,FECHAHORA,NUMERO,IDDETALLERECETA) VALUES(6,'Miercoles',0,'1975-04-14',1,2)